title,author,category,rating,description,url
陆小凤,古龙,武侠,8.7,看遍全本，发现其实小说中并没有什么女主角，沙曼不是，薛冰不是，上官飞燕与上官雪儿不是，叶雪也不是，如果非要找出一个，倒是孙秀青勉强称得上，这一点《陆小凤》就要输给《楚留香》和《小李飞刀》这些系列了， 人们都说古龙是个酒色之徒，可其实古龙并不擅长写女人，在他笔下的比较受到好评的女人无不都像个男人，风四娘、苏樱、朱七七、燕七......比较女人的也就沈璧君、卫凤娘、苏蓉蓉等寥寥数人。,https://www.sohu.com/a/737718266_565460
名剑风流,,武侠,1.0,"名剑风流_古龙乔奇 《名剑风流》是古龙先生于1961年动笔,断续书写五、六年,缺结尾,1967 《名剑风流》是古龙先生于1966年创作,结尾部分由乔奇代笔。",https://www.sohu.com/a/737718266_565460
雪山飞狐,金庸,武侠,8.7,雪山飞狐（金庸创作长篇武侠小说） 百度百科 # 雪山飞狐 ## 目录 ## 创作背景 ### 文学来源 ### 创作过程 ## 内容情节 ## 角色介绍 ### 胡斐 ### 苗若兰 ### 胡一刀 ### 苗人凤 ### 田归农 ### 宝树 ### 田夫人 ### 田青文 ## 作品特点 ### 主题思想 ### 内容结构 ### 叙事策略 ### 结局悬念 ### 人物塑造 ## 武功招式 ,https://www.sohu.com/a/737718266_565460
逆水寒,,武侠,8.7,《殺楚》則是溫瑞安小說除《逆水寒》的另一代表作，本書以一個亦正亦邪的人物－方邪真為主角，書的分上下兩冊，另有同主角的姊妹作《破陣》，可以說是一個單獨的系列，但主角本為「四大名捕」中的一個小角色，書中又有「追命」的出現，主角方邪真又和鐵手相交，因此也可視為「四大名捕系列」的外傳，然方邪真又是《神州奇俠外傳》的主角方歌吟的嫡傳弟子，故此書又可以說是《神州奇俠外傳》的別傳。,https://www.sohu.com/a/737718266_565460
布衣神相,,武侠,8.7,## 系列 [编辑] 出版時分為六部： [...] [编辑] 出版時分為六部： : （一）《殺人的心跳》 : （二）《葉夢色》 : （三）《天威》 : （四）《賴藥兒》 : （五）《落花劍影》（收錄死人手指、翠羽眉兩個故事） : （六）《刀巴記》（收錄取暖、刀巴記兩個故事） ## 主要人物 [编辑] 李布衣：外貌「葛衣長袍，一雙多情的眼，五綹長髯隨風微飄。,https://www.sohu.com/a/737718266_565460
饲犬,,言情,8.6,"【4.5星】《饲犬》by鸣鸾 中间穿插着描写了城中村租房邻居们的一些市井故事，以及项嘉为了帮邻居对抗家暴男受伤逐渐揭开往事，程晋山逐渐对项嘉生出感情阻止项嘉自 杀，项嘉折磨 《饲犬》鸣銮- 言情小说 《饲犬》,鸣銮,都市甜文市井生活成长正剧,主角：程晋山，项嘉┃ 配角：唐梨，许攸宁┃ 其它：|最新更新:2022-05-22 21:05:25|作品积分：5619034.",https://www.basequan.com/21209.html
非赢游戏,行烟烟,言情,8.6,《非赢游戏》，作者行烟烟，建筑工人群像小说，主角是两个疯女人和很多建筑女工，主线就是生存！,https://www.basequan.com/21209.html
小品女王,鸣銮丨,言情,8.6,《不朽女王》作者：莲花郎面丨西幻升级流女主文，无cp，大格局超赞文笔 - 芭莳圈 芭莳圈 芭莳圈 芭莳圈 芭莳圈 书单推荐 小说推荐 + 强推（9+） + 好看（8.5+） 月度好文 扫文之星 出版文推荐 作者推荐 投稿 推书标准 扫文组招募 求书推文 好句子摘抄 芭莳圈 芭莳圈 小说排行榜 言情推荐 耽美推荐 男主文推荐 免费小说推荐 书评区 留言板 关于我们 推荐 近期热推好文：《饲犬》作者：,https://www.basequan.com/21209.html
异常测定,退戈,言情,8.6,阅读记录 五二首页 最近更新 言情书单 言情作者 言情推荐 耽美小说 作者大全 耽美推荐 男频小说 其他小说 # 异常测定\_退戈【完结】 小说简介： [现代情感] 《异常测定》作者：退戈【完结】 文案： 三夭科技，竭诚为您服务！,https://www.basequan.com/21209.html
青柠狂想,明开夜合,言情,8.6,"《青檸狂想》 明開夜合🍮🍮🍮 🏷️ 現代言情｜都市愛情｜情有獨鍾 《青檸狂想》 心得這本就像作者簡介寫的「平淡、日常、無內涵、十分糖的二人轉小甜餅」 明明都像戀愛高手 《青柠狂想》明开夜合 《青柠狂想》,明开夜合,都市情有独钟业界精英甜文暗恋,主角:慕柠,井煊(X) ┃ 配角:完整图,线稿图┃ 其它:|最新更新:2026-08-29 16:05:20 … 本站作品(专栏、",https://www.basequan.com/21209.html
洛阳农牧事,,言情,8.6,作者：绿豆红汤 经典好看的言情小说推荐总榜第一期 3 年前 经典书单 这里推荐的都是公认比较好看的言情小说，大部分都是经典，一时间肯定加不完，后面还会慢慢补充完善，也欢迎大家分享你们最喜欢的小说出来啦！,https://www.basequan.com/21209.html
海底两万里,,科幻,8.7,👍 【推荐指数】 🌟🌟🌟🌟🌟 🍀 【个人感悟】本书通过主角 让玄天辰 📖【书名】海底两万里 💡【作者】苏叔阳 🍃【出版社】青岛出版社 💜【文字评价】《新课标名著名家导读系列:海底两万里》内容简介：海底两万里，一路所见，无奇不有。,https://www.sohu.com/a/294548371_372546
机器岛,儒勒·凡尔纳,科幻,8.7,在步行途中，他们被一热情的美国人邀请到另一个城市作客，这个人其实是机器岛的艺术总监，机器岛是一个大型的移动岛屿，上面建有各式各样的设施，完全自给自足。,https://www.sohu.com/a/294548371_372546
从地球到月球,,科幻,8.7,"‎从地球到月球 écrit par 儒勒·凡尔纳 sur Apple Books 从地球到月球 从地球到月球 # 从地球到月‪球‬ 儒勒·凡尔纳 + 7,49 € + 7,49 € ## Description de l’éditeur 儒勒·凡尔纳的《从地球到月球》讲述了南北战争后美国“枪炮俱乐部”的成员们利用大炮和炮弹精心设计的一场月球之旅。",https://www.sohu.com/a/294548371_372546
2001：太空漫游,,科幻,8.7,——刘慈欣（《三体》《流浪地球》作者） ☆无论是小说还是电影，《2001：太空漫游》都开启了人们探索未来和太空的心智。,https://www.sohu.com/a/294548371_372546
与拉玛相会,亚瑟·克拉克,科幻,8.7,"故事叙述在22世纪时有一个五十公里长的圆柱体形外星太空船闯入太阳系，人类 书评：《与拉玛相会》 作者：亚瑟·克拉克: r/Fantasy 与拉玛相会》这本书的重点在于拉玛的神秘感以及它对人类的完全漠视,而续集解释了拉玛的起源,",https://www.sohu.com/a/294548371_372546
一九八四,乔治·奥威尔,科幻,8.7,### 其他角色 [编辑] 一九八四 柒月岛主 书籍介绍《1984》乔治·奥威尔 魔諍磐 《一九八四》 📖【书名】《一九八四》 💡【作者】乔治·奥威尔(英) 💝【图书风格】小说 👍【推荐指数】🌟🌟🌟🌟🌟 🤩【推荐理由】 这本书读起来的感觉很沉重压抑，但是也有一种奇怪的“似曾相识”感。,https://www.sohu.com/a/294548371_372546
领读者,,悬疑,8.5,# 三联生活周刊 文· 中读小秘书 邮箱：zhongdu@lifeweek.com.cn 三联生活周刊app 三联生活周刊公众号,https://www.lifeweek.com.cn/article/37227
白夜行,東野圭吾,悬疑,8.5,讀者或觀眾常將《幻夜》的主角新海美冬與《白夜行》的唐澤雪穂相互比較，不過原作者東野已經表示兩作品是彼此獨立的。,https://weread.qq.com/web/category/100008
嫌疑人X的献身,东野圭吾,悬疑,8.5,## 出版书籍 [编辑] 嫌疑人X的献身（东野圭吾著长篇小说）_百度百科 百度百科 # 嫌疑人X的献身 ## 目录 ## 创作背景 ## 内容情节 ## 角色介绍 ## 作品特点 ### 作品主题 ### 艺术特色 ## 作品影响 --- --- | ## 作品评价 ## 作品争议 ## 出版历史,https://weread.qq.com/web/category/100008
恶意,东野圭吾,悬疑,8.5,[...] 作品名称 恶意 外文名 あくい 作 者【日】东野圭吾 文学体裁 长篇小说 首版时间 1996年 字 数 121.7千字 ## 目录 1. 1创作背景 2. 2内容情节 3. 3作品目录 1. 4角色介绍 2. 5作品特点 3. ▪主题思想 4. ▪艺术特色 1. 6作品影响 2. 7作品评价 ## 创作背景 播报 编辑 小说背景 东野圭吾早期作品以校园题材的本格推理为主 ，后来从某一时,https://weread.qq.com/web/category/100008
解忧杂货店,,悬疑,8.5,解忧杂货店（日本作家东野圭吾写作的奇幻温情小说）_百度百科 百度百科 # 解忧杂货店 ## 目录 ## 内容简介 解忧杂货店 解忧杂货店 解忧杂货店 ## 作品目录 ## 创作背景 ## 人物介绍 ### 小偷三人组 ### 浪矢家族 ### 咨询者 ## 作品鉴赏 ### 作品主题 日文原版 日文原版 ### 艺术特色 ## 后世影响 ## 作品评价 ## 相关版本 《解忧杂货店》的各个版本 -,https://weread.qq.com/web/category/100008
胡雪岩,,历史,8.3,"[...] ## 相关作品 [编辑] 胡雪巖专刊 （页面存档备份，存于互联网档案馆） - 新意文化网 高陽 ""高阳 (作家)"")作品：《胡雪巖》、《紅頂商人》、《燈火樓臺》 電視劇《八月桂花香》（1988年，台視） 25集电视剧《红顶商人胡雪巖》，编剧：二月河。",https://www.sohu.com/a/126383241_166075
慈禧全传,,历史,8.3,慈禧全传（2015年新星出版社出版的图书） 《慈禧全传》是中国台湾作家高阳创作的长篇历史小说，2015年由新星出版社出版。,https://www.sohu.com/a/126383241_166075
李自成,,历史,8.3,因家貧，只讀了三年小學，上初中 李自成（姚雪垠著长篇历史小说） 姚雪垠创作长篇小说《李自成》的念头早在抗日战争时期就已经产生，只不过由于各种原因未能实现。,https://www.sohu.com/a/126383241_166075
康熙王朝,,历史,8.3,"## 作品改编 [编辑&action=edit&section=4 ""编辑章节：作品改编"")] [...] 跳转到内容 搜索 ## 目录 序言 1 作者简介 2 作品简介 3 作者自评 4 作品改编 5 書籍 6 参见 7 外部链接 # 康熙大帝 (小说) 添加链接 条目 ""浏览条目正文​[c]"") 讨论&action=edit&redlink=1 ""关于此页面的讨论（页面不存在）​[t]"") 不",https://www.sohu.com/a/126383241_166075
雍正王朝,,历史,9.4,"## 劇情大綱 [编辑] ### 康熙朝 [编辑] #### 黃河暴漲，欽差南下，籌款賑災 [编辑] [...] | 电视剧海报 电视剧海报 | | 制作 | 导演：胡玫 副導演：仲偉榮、解樂軒 執行導演：陸濤、馬驍 編劇：劉和平 ""刘和平 (剧作家)"")、羅強烈 監製：李發美、袁大川、許新光、喬旭明、王付合、蔣衛杰 策畫：李暉、王燦、陳軼超、馮建文、龔曙光、于秀杰 劇本策畫：二月河、劉文武、蘇斌",https://www.sohu.com/a/126383241_166075
乾隆王朝,,历史,8.3,《乾隆王朝》是历史类小说。,https://www.sohu.com/a/126383241_166075
御道倾天,,玄幻,9.0,推荐指数:★★★★★ 状态:477万字 完结 故事梗概：本书主角多少多是一个少年天才，也是巡天御座左长路的儿子，左长路是这世间少有的顶尖高手，也是为护国将军，为了突,https://www.qidiantu.com/booklist/645980
人道至尊,,玄幻,9.3,作者： 宅猪 标签：玄幻 东方玄幻 状态:完本 总字数:488万 真实粉丝数:11万 评分:9.30 总收藏:37万 总推荐:259万 刷新时间:2023-03-25 09:36 作品信息： 自盘古开天，三皇治世，五帝定伦，世界之间，人为天地灵长……<br> 此时正值三皇中的人皇末期，五帝未定，人族也不是天地灵长。,https://www.qidiantu.com/booklist/645980
武道宗师,爱潜水的乌贼,玄幻,8.9,武道宗师（爱潜水的乌贼创作的玄幻类网络小说）_百度百科 百度百科 # 武道宗师 ## 目录 ## 作品简介 ## 作者简介 ## 主要角色 ### 楼成 ### 严喆珂 ### 蔡宗明 ### 施建国 ### 林缺 ### 彭乐云 ### 任莉 ### 安朝阳 ## 其他角色 ### 陈其焘 ### 宁梓潼 ### 吕严 ### 郭洁 ### 钱东楼 ### 五光道人 ### 董霸先 ### 王确,https://www.qidiantu.com/booklist/645980
凌天传说,,玄幻,9.0,作者： 风凌天下 标签：玄幻 王朝争霸 状态:完本 总字数:246万 真实粉丝数:4万 评分:9.00 总收藏:38万 总推荐:36万 刷新时间:2023-08-29 16:23 作品信息： 我名凌天，我欲凌天！,https://www.qidiantu.com/booklist/645980
异世邪君,,玄幻,8.8,异世邪君（风凌天下创作的小说）_百度百科 百度百科 # 异世邪君 ## 目录 ## 作者简介 ## 内容简介 ## 角色简介 ### 君莫邪 ### 梅雪烟 ### 管清寒 ### 独孤小艺 ### 寒烟梦 ### 芊寻 ### 苗小苗 ### 杨灵梦 ### 可儿 ### 乔影 ## 作品设定 ### 夺天之战 ### 三大圣地 ### 飘渺幻府 ### 天罚森林 ### 玲珑鸿钧塔 ### 玄,https://www.qidiantu.com/booklist/645980
傲世九重天,风凌天下,玄幻,9.2,傲世九重天（风凌天下创作的玄幻类网络小说）_百度百科 百度百科 # 傲世九重天 ## 目录 ## 作品简介 ## 作者简介 ## 角色介绍 ### 主角 ### 九劫兄弟 ### 主角挚爱 ### 其他角色 ## 世界观 ### 实力境界 --- --- 傲世九重天是风凌天下创作的玄幻小说。,https://www.qidiantu.com/booklist/645980
隐杀,,都市,8.7,搜索 ## 目录 序言 1 争论事件 2 参考文献 # 愤怒的香蕉 添加链接 条目 讨论 不转换 简体 繁體 大陆简体 香港繁體 澳門繁體 大马简体 新加坡简体 臺灣正體 阅读 编辑 工具 操作 阅读 编辑 常规 外观 | 愤怒的香蕉 | ## 争论事件 [编辑] [...] 检索自“” 分类：​ 1985年出生 在世人物 衡阳人 中华人民共和国网络作家 曾姓 湖南作家 隐藏分类：​ 自2026年,https://www.sohu.com/a/681283647_121698175
重生之官路商途,更俗,都市,8.7,《重生之官路商途》（校对版全本）作者：更俗 Scribd # 《重生之官路商途》（校对版全本）作者：更俗 《重生之官路商途》（校对版全本）作者：更俗 ## Uploaded by AI-enhanced description # 《重生之官路商途》（校对版全本）作者：更俗 《重生之官路商途》是一部以重生为主题的都市小说，讲述了一个拥有成熟心理的少年在传统观念主导的时代中面对性的挑战和诱惑。,https://www.sohu.com/a/681283647_121698175
修真聊天群,,都市,8.7,书评：修真聊天群是都市小说中粉丝值最多的一部，也是作者圣骑士的传说封神作，前段时间完本，847万字可谓是量大管饱，连载期间一直呆在都市小说排行榜前五，各项成就除了一个月票,https://wapbaike.baidu.com/tashuo/browse/content?id=d967b9034083984e4b3982dd
活着,余华,都市,8.7,## 相关 [编辑] 作者想表达的思想是“当你感受到活着就是活着，非常简单，当你拿起矿泉水喝的时候，你就是感受到活着，当你说话的时候你也是感受到你活着……活着的意义就是活着……”（2004年接受卓越网采访时所言） [...] 《华盛顿邮报》：《活着》是不失朴素粗粝的史诗，斗争和生存的故事，给人留下了不可磨灭的残忍与善良的形象，在余华的笔下，人物在动物本能和人性之间苦苦挣扎。,https://zhuanlan.zhihu.com/p/66489447
许三观卖血记,,都市,8.7,取 消 删 除 想法 · 0 写想法 书友想法 评论 赞 暂无评论 发 表 回复 赞 评论详情 发 表 写想法 公开 查询 继续提问 Generated by AI 写想法 公开 字号大小 [...] 字数 11.9万字 简介 《许三观卖血记》是余华继《活着》之后创作的长篇小说，讲述了丝厂工人许三观的卖血经历。,https://zhuanlan.zhihu.com/p/66489447
夜无疆,辰东,玄幻,9.0,那一天太阳落下再也没有升起…………………,https://m.qidian.com/book/1040765595
玄鉴仙族,季越人,武侠,8.7,陆江仙熬夜猝死，残魂却附在了一面满是裂痕的青灰色铜镜上，飘落到了浩瀚无垠的修仙世界。凶险难测的大黎山，眉尺河旁小小的村落，一个小家族拾到了这枚镜子，于是传仙道授仙法，开启波澜壮阔的新时代。(家族修仙，不圣母，种田，无系统，群像文),https://m.qidian.com/book/1035420986
没钱修什么仙？,熊狼狗,武侠,8.7,老者：“你想报仇？”少年：“我被强者反复侮辱，被师尊视为垃圾，我怎么可能不想报仇？”老者摸了摸少年的脑袋，叹道：“好孩子，我来传功给你吧。”少年惊道：“前辈！这怎么行？”老者伸出手：“把你手机给我。”少年看着手机上的变化，震惊道：“前辈！这哪里来的百年功力？”老者微微一笑：“好孩子，这是你在天庭的备用功力，以后急用的时候随用随取，别再被人侮辱了。”少年皱眉：“这不是法力贷吗？我怕……”老者：“天庭,https://m.qidian.com/book/1042256511
捞尸人,纯洁滴小龙,都市,8.7,人知鬼恐怖，鬼晓人心毒。这是一本传统灵异小说。,https://m.qidian.com/book/1041637443
请勿高考时渡劫,最白的乌鸦,都市,8.7,妖魔鬼怪与修士藏在现代社会，享受科技带来的便利。一千岁树妖冒充名贵古树，月月领取政府补贴；八百岁的狐妖开直播搔首弄姿，吸人精气；五百岁的文道修士闭关百年苦学八股文，出关后发现科举取消；三百岁的虎妖在野生动物园好吃好喝，观察在车里的人类；一百岁的僵尸因同类大幅度减少，反对火化支持土葬；六十岁的宗主带领宗门下山开公司入世，因贪污受贿被抓；三十岁的修士御剑飞行被人拍下来，请水军在评论区洗地说是ai；十七,https://m.qidian.com/book/1049898328
青山,会说话的肘子,玄幻,9.0,当今名利已斩天下九分侠气，诸位，这是天下最后一分侠气的故事。,https://m.qidian.com/book/1033014772
诡秘之主,爱潜水的乌贼,玄幻,9.0,诡秘之主动画特别篇已在腾讯视频上播出，欢迎大家前去观看！蒸汽与机械的浪潮中，谁能触及非凡？历史和黑暗的迷雾里，又是谁在耳语？我从诡秘中醒来，睁眼看见这个世界：枪械，大炮，巨舰，飞空艇，差分机；魔药，占卜，诅咒，倒吊人，封印物……光明依旧照耀，神秘从未远离，这是一段“愚者”的传说。,https://m.qidian.com/book/1010868264
还不起学贷的我只好兼职猎魔,小夕岁,其他,8.7,【均订破万，放心追看！】【打造最轻松愉快的奇幻轻小说！】高登穿越到蒸汽超凡时代的伦德尼姆，成了皇家自然科学院大学一名穷学生。没有贵族出身，也没有家族遗产，只有一百金镑学贷。外加一双能看见源质真相的眼睛！别人眼里的：废料、污染物、垃圾。高登看到：【闪耀的源质“未断之弦”，增强神经和肉体同步。】【潮湿的源质“沉没的记忆”，用于遗忘和抹除事物。】【孳生的源质“无底饥饿”，让人倾向于吞噬更多。】就很……高,https://m.qidian.com/book/1049836819
飞狐外传,,武侠,8.7,# 金庸作品集：飞狐外传 ## 目录 ## 内容简介 ## 出版信息 ## 作者简介 ## 名人推荐 ## 图书目录 ## 后记 ## 序言,https://www.sohu.com/a/737718266_565460
刀丛里的诗,,武侠,8.7,## 作品 [编辑] ### 《四大名捕》系列（依故事时序排序） [编辑] [...] [编辑] : 照字数排列 《杀楚》 《七杀》 《金血》 《侠少》 《达明王》 《锦绣人皮》 《江湖闲话》 《吞火情怀》 《乱世情怀》 《落日大旗》 《将军的剑法》 《刀丛里的诗》 《七大寇系列》 《游侠纳兰系列》 《今之侠者系列》 《红电蓝牙系列》 《白衣方振眉系列》 ## 温瑞安未完成的四大名捕系列 [编辑],https://www.sohu.com/a/737718266_565460
惊艳一枪,,武侠,8.7,"》 《请借夫人一用》 《请你动手晚一点》 《战僧与何平》 《打不亮的打火机》 《杀人者唐斩》 《凿痕》 ### 其他 [编辑] : 照字数排列 [...] #### 无线电视 [编辑] 2005年：惊艳一枪（主演：马德钟、陈锦鸿、欧锦棠、佘诗曼、陈松伶、文颂娴、石修） 2006年：布衣神相（主演：林文龙、杨怡、林峯、李诗韵） 2008年：少年四大名捕 ""少年四大名捕 (无线电视剧)"")（主演：林峯",https://www.sohu.com/a/737718266_565460
萍踪侠影录,,武侠,8.7,萍踪侠影录（梁羽生创作的武侠小说） 《萍踪侠影录》是大公报小说林出版的武侠小说作品，作者是梁羽生。,https://www.sohu.com/a/737718266_565460
武林外史,,武侠,8.7,气象不凡，但稍嫌芜杂。 古龙的小说一旦写开就常常收不拢。 温瑞安也是如此。 但古龙有自知之明，温则盲目自信。 29.梁羽生,https://www.sohu.com/a/737718266_565460
白发魔女传,梁羽生,武侠,8.7,### 反派 [编辑] 多部小说被改编梁羽生最满意84版《萍踪侠影》 可以说，《白发魔女传》代表着梁羽生武侠小说中最具影响的一个系列的开端，当中的女主角“白发魔女”练霓裳也同样是梁羽生小说中最具魅力塑造最成功的角色之一，她和卓一航的悲恋构成了梁羽生小说中少有的不完美结局。,https://www.sohu.com/a/737718266_565460
卧虎藏龙,蒲鋒,武侠,8.7,王度廬差可比擬為武俠小說中的錢德勒（RaymondChandler），他把本來帶有逃避主義的類型，放回現實複雜的社會背景中，並且寫出在這個複雜的世界中主角如何堅守自己的立場。,https://www.sohu.com/a/737718266_565460
神州奇侠系列,,武侠,8.7,《殺楚》則是溫瑞安小說除《逆水寒》的另一代表作，本書以一個亦正亦邪的人物－方邪真為主角，書的分上下兩冊，另有同主角的姊妹作《破陣》，可以說是一個單獨的系列，但主角本為「四大名捕」中的一個小角色，書中又有「追命」的出現，主角方邪真又和鐵手相交，因此也可視為「四大名捕系列」的外傳，然方邪真又是《神州奇俠外傳》的主角方歌吟的嫡傳弟子，故此書又可以說是《神州奇俠外傳》的別傳。,https://wapbaike.baidu.com/tashuo/browse/content?id=07a8754d71bbeb93674496f2
寻秦记,黄易,武侠,8.7,在《大剑师传奇》《荆楚争雄记》《覆雨翻云》等一众作品中，读者们最为熟知的莫过于讲述“穿越”故事的《寻秦记》，以及无名小人物最终成为一代大侠的《大唐双龙传》。,https://wapbaike.baidu.com/tashuo/browse/content?id=07a8754d71bbeb93674496f2
大唐双龙传,黄易,武侠,8.7,颜历 大唐双龙传（黄易创作的长篇武侠小说）_百度百科 ## 作者简介 # 大唐双龙传 ## 目录 ## 角色介绍 ### 主角 ### 其他角色,https://wapbaike.baidu.com/tashuo/browse/content?id=07a8754d71bbeb93674496f2
大唐,,武侠,8.7,有一个缺点，太长了，不利于普及！既然推荐十大，就是希望我们的武侠文学事业能够日益发扬光大，以江湖浩然之气龙御八方，使我中华文明愈加威震天下，四狄宾服！化外蛮夷知之甚少，若以,https://wapbaike.baidu.com/tashuo/browse/content?id=07a8754d71bbeb93674496f2
天龙八部,金庸,武侠,8.7,"## 背景時空 [编辑&action=edit&section=1 ""编辑章节：背景時空"")] [...] 跳转到内容 搜索 ## 目录 1 背景時空 2 創作梗概 + 2.1 段譽 + 2.2 慕容復 + 2.3 喬峰 + 2.4 虛竹 3 八部對應 4 主要人物 5 章回目錄 + 5.1 回目成词 6 版本 7 評價 8 改編作品 + 8.1 电影 + 8.2 電視劇 9 电脑游戏 10 手機",https://wapbaike.baidu.com/tashuo/browse/content?id=07a8754d71bbeb93674496f2
何以笙箫默,,言情,8.6,顾漫（著） 一段年少时的爱恋，牵出一生的纠缠。 大学时代的赵默笙阳光灿烂，对法学系大才子何以琛一见倾心，开朗直率的她拔足倒追，终于使才气出众的他为她停留驻足。 然而，不善表达的他终于使她在一次伤心之下远走他乡…… No.2,https://www.sohu.com/a/246804885_100130977
华胥引,,言情,8.6,唐七公子（著） 这是一个发生在乱世的故事。 城破之日，卫国公主叶蓁以身殉国，依靠鲛珠死而复生。 当她弹起华胥调，便生死人肉白骨，探入梦境与回忆。 幻术构成的曲谱里，尽,https://www.sohu.com/a/246804885_100130977
柔福帝姬,,言情,8.6,这部四十多万字的小说，根据宋朝真假公主柔福帝姬的历史疑案，大胆展开想象，以北宋靖康年间二帝被掳至金为背景，描述了一个亡国公主的一生，借宋徽宗的女儿柔福帝姬这样一位身份特殊的女人，关照国难家仇对女性身心的摧残和撕裂，以细腻的笔触谱写了湮没在破碎山河间的一阕悲歌，颇能引人深思。,https://www.basequan.com/21209.html
十年一品温如言,,言情,8.6,成绩并不如人意，是因为看过十年的读者认为很好，但大多数问起来表示并不知道此书，也不知道书海苍生这名作者，此书单行本印刷很晚也没有翻版，试想如果一部片拍摄成为电视剧还在湖南卫视那种不管剧好不好都会拿收视率第一的卫视播出，想要不火都难，现在越来越多的人不喜欢看书，电视剧一目了然清晰很多，所以就出现不断翻拍小说的结果，本人也深感无奈啊，书中的精彩比电视剧要强多啦！,https://zhuanlan.zhihu.com/p/101281859
云中歌,桐华,言情,8.6,我覺得雲歌在陵哥哥死後，並沒有過的很精采，唯一精采的故事是她跟孟玨被困在山裡面，孟玨快要死了，雲歌哭著叫他別死，雖然她對孟玨有恨，在孟玨快死的時候，也對他有無限的思念，這真是一種滿複雜的心情，對一個人恨之露骨，但更深一層，卻是在意與珍惜。,https://zhuanlan.zhihu.com/p/101281859
相思长梦河,,言情,8.6,作品以高中男生许暮融与年长7岁的历史教师江曦婴的禁忌恋情为主线，讲述了两人因打架事件 情不知所起——简暗《相思长梦河》书评 简暗算是网络言情中比较小众的作家，喜欢她的人评论她“不逐露华浓，不邀春风宠”。,https://wapbaike.baidu.com/tashuo/browse/content?id=fe67b47a913f070207e99270
你是我的学生又怎样,,言情,8.6,[...] 7.《何所冬暖，何所夏凉》顾西爵 《何所冬暖，何所夏凉》的作者是顾西爵，主要讲述了男主席郗辰为了让女主简安桀爱上他，花了整整十二年终于打开心扉最后抱得美人归的故事。,https://wapbaike.baidu.com/tashuo/browse/content?id=fe67b47a913f070207e99270
曾有一个人，爱我如生命,舒仪,言情,8.6,曾有一个人爱我如生命_舒仪/下午茶【完结】 小说简介：. 《曾有一个人，爱我如生命（完美纪念版）》作者：舒仪/下午茶【完结】 【内容简介】 《曾有一个人，爱我如生命》这本感动8000万读者的初恋 曾有一个人，爱我如生命（舒仪创作的言情小说） 《曾有一个人，爱我如生命》这本感动8000万读者的初恋纪念读物，是《格子间女人》作者舒仪最情深浪漫之作。,https://wapbaike.baidu.com/tashuo/browse/content?id=fe67b47a913f070207e99270
回照青山,,言情,8.6,靠着祖辈留下的约定攀附，即使成了权臣正妻，也不受…… [ 获赞：64478 ] 今天路人甲知道她是万人迷了吗_鹤上声【完结】 [穿越重生],https://www.52shuku.net/tuijian/yanqing_top100.html
今天路人甲知道她是万人迷了吗,,言情,8.6,作者：鹤上声【完结】 文案： 云濯清发现自己生活在一本狗血校园文里，书中每个主角的生活都充斥着狗血，而她此时正打算转去主角们的学校里。,https://www.52shuku.net/tuijian/yanqing_top100.html
关河不负,且安,言情,8.6,楔子 靖平二十八年，靖平帝驾崩，幼主…… （获赞：38206 ） ### 4、[言情小说] 关河不负\_且安【完结】 [...] [古装迷情] 《鸾凤错》作者：再枯荣【完结】 简介: 童碧死了爹娘，无人主张婚事，于是四处散财投资英俊男人，眼看家底即将掏空—— 她终终终终于要嫁人了！,https://www.52shuku.net/tuijian/yanqing_top100.html
天灾囤亿万物资，我刷爆了渣男卡,,言情,8.6,作者：清蒸咸萝卜【完结】 （末世+女强+空间+重生+囤物资+虐渣+修仙+萌宝+基建） （奇奇怪怪cp一大堆，就是没女主的官配。,https://www.52shuku.net/tuijian/yanqing_top100.html
美丽新世界,,科幻,8.7,Format : ebook [...] Format : ebook Author : [[英]阿道司·伦纳德·赫胥黎](/creators/956615/%E8%8B%B1%E9%98%BF%E9%81%93%E5%8F%B8%C2%B7%E4%BC%A6%E7%BA%B3%E5%BE%B7%C2%B7%E8%B5%AB%E8%83%A5%E9%BB%8E) Publisher : 青苹果数据,https://www.sohu.com/a/294548371_372546
三体,,科幻,8.7,大热而备受关注成为公众人物之后，刘慈欣接受过包括封面新闻记者在内的多家媒体多次采访。 其中刘慈欣会谈到他的阅读书目。 1、,https://www.chinawriter.com.cn/n1/2019/0225/c403994-30900147.html
2001太空漫游,,科幻,8.7,阿瑟·克拉克 著 刘慈欣：“这本书我觉得它把人和宇宙的关系，用一种很诗意的，而且是很宏大的诗意的方式表现出来，确实在科幻小说中很少能做到这一点。,https://www.chinawriter.com.cn/n1/2019/0225/c403994-30900147.html
隐藏的现实,,科幻,8.7,它的特点是把这个平行世界，写得特别全面，各种各样的平行世界他都写到了，甚至他把这个电脑程序，也算作一种虚拟的平行世界，而且很有想象力。,https://www.chinawriter.com.cn/n1/2019/0225/c403994-30900147.html
战争与和平,,科幻,8.7,” 内容介绍：小说以四个贵族家庭生活为线索，在战争与和平的交替描写中把众多的事件和人物串联起来，展示了1805年开始的争夺欧洲战争和1812年俄国卫国战争时期的历史。,https://www.chinawriter.com.cn/n1/2019/0225/c403994-30900147.html
静静的顿河,,科幻,8.7,” 内容介绍：小说展示了1912到1922年间，俄国社会的独特群体--顿河地区哥萨克人在第一次世界大战、二月革命和十月革命以及国内战争中的苦难历程。,https://www.chinawriter.com.cn/n1/2019/0225/c403994-30900147.html
永远讲不完的故事,,科幻,8.7,米切尔·恩德著 刘慈欣：“这是一本童话书。 我不知道我现在看的话会不会很震撼，但是在当初看这本书的话，确实十分震撼。 ” 内容介绍：留级生巴斯蒂安到书店偷了一本,https://www.chinawriter.com.cn/n1/2019/0225/c403994-30900147.html
火星编年史,,科幻,8.7,布拉德伯里著 刘慈欣：“因为布拉德伯里的科幻小说，与这个阿西莫夫也好，克拉克也好差别相当大，它是一种很文学化的科幻很诗意的科幻，不是那种我们所说的硬科幻，其中技术因素并不多，但写的很富有诗意。,https://www.chinawriter.com.cn/n1/2019/0225/c403994-30900147.html
宇宙的最后三分钟,,科幻,8.7,"” 刘慈欣：那些影响最深我的科幻文学 但最科幻的是温伯格的《宇宙最初三分钟》和戴维斯的《宇宙的最后三分钟》,作者用诗一样的语言描述宇宙初生和垂死之际的极端状态,这时的世界离",https://www.chinawriter.com.cn/n1/2019/0225/c403994-30900147.html
宇宙的最初三分钟,,科幻,8.7,它改变轨道，直奔地球…… 3、《1984》 乔治·奥威尔 著 刘慈欣：“这本书和前两本书差别很大，它描写一个想象中的集权社会，这本书让我体会到就是科幻文学它如何能用一种现实主义文学和传统文学，所没有的那种视角、那种角度，来观察现实，反映现实。,https://www.chinawriter.com.cn/n1/2019/0225/c403994-30900147.html
奇点临近,,科幻,8.7,雷·库兹韦尔著 刘慈欣：“这本书你要是从科学角度讲，我觉得有点危言耸听，就是说2045年，我们都要被机器统治，而2045年这个奇点就到来，但是从科幻角度看这本书很有想像力，它对于那个人工智能的描写，达到了某种极致，而它这种描写不是从这个科幻思维来描写，而是从那个很严肃的科学思维来描写，至于它的结论我并不认同，但这本书所反映出来的那种，基于科学的想象力，我觉得是很值得推荐的。,https://www.chinawriter.com.cn/n1/2019/0225/c403994-30900147.html
法医秦明：天谴者,法医秦明,悬疑,8.5,《法医秦明：天谴者》：疯狂啃食的野犬、目露凶光的鼠群、贪婪撕咬的恶虎…生前毫无交集的男女，却都葬身兽腹。,https://weread.qq.com/web/category/100008
法医秦明：遗忘者,法医秦明,悬疑,8.5,《法医秦明：遗忘者》是法医秦明创作的悬疑类小说。,https://weread.qq.com/web/category/100008
法医秦明：玩偶,,悬疑,8.5,《法医秦明：玩偶》：一本写满预言的日记，两个下落不明的女人，皮囊之下，尽是枯骨!,https://weread.qq.com/web/category/100008
尸语者,,悬疑,8.5,### 目录 尸语者（法医秦明系列万象卷第一季）_百度百科 ## 内容简介 ### 上册 ### 下册 ## 作者介绍 ## 媒体评论 ## 作品影响 ## 版本情况 ## 秦明作品介绍 ### 法医秦明系列 ### 守夜者系列,https://weread.qq.com/web/category/100008
法医秦明：无声的证词,,悬疑,4.6,法医秦明的作者主页 ￥ ~~49.80~~ 法医秦明：无声的证词（典藏版） #### 法医秦明：无声的证词（典藏版） 法医秦明 《法医秦明：无声的证词》是法医秦明系列·万象卷典藏版·第2季。,https://weread.qq.com/web/category/100008
法医秦明：清道夫,,悬疑,8.5,法医秦明作品： 法医秦明系列小说： 第一卷：万象卷 死亡不是结束，而是另一种开始 第一季《尸语者》（已改编为电影《秦明·生死语者》） 第二季《无声的证词》 第三季《第十一根手指》（已改编为网剧《法医秦明》）,https://weread.qq.com/web/category/100008
法医秦明：幸存者,,悬疑,8.5,幸存者（法医秦明系列万象卷第5季） 《幸存者》是法医秦明创作的系列小说“法医秦明·万象卷”的第五季作品，由湖南文艺出版社于2016年5月首次出版，2022年北京联合出版公司推出了典藏版。,https://weread.qq.com/web/category/100008
守夜者,,悬疑,8.5,"阅尸 守夜者：罪案终结者的觉醒 《守夜者:罪案终结者的觉醒》是法医秦明创作的悬疑小说, 首部作品于2017 … 作者以公安法医及悬疑作家的双重职业背景,结合刑侦与推理元素构建罪案叙事体系",https://weread.qq.com/web/category/100008
逝者之书,,悬疑,8.5,逝者之书 《逝者之书》是法医秦明创作的法医题材科普图书，由四川大学出版社于2020年5月出版，创作背景源于2019年全国人大代表顾晋提出的死亡教育倡议。,https://weread.qq.com/web/category/100008
逝者证言,,悬疑,8.5,### 内容简介 本套装包括：《燃烧的蜂鸟》《法医秦明：天谴者》《法医秦明：遗忘者》《法医秦明：玩偶》《尸语者》《法医秦明：无声的证词》《法医秦明：第十一根手指》《法医秦明：清道夫》《法医秦明：幸存者》《守夜者》《守夜者2：黑暗潜能》《守夜者3：生死盲点》《守夜者4：天演》《逝者证言》《逝者之书》。,https://weread.qq.com/web/category/100008
明匪,,历史,8.3,"中文名. 明 ... 起点中文网. 相关视频. 作品简介. 因为自己的一次'预谋'而不幸殒命，最终却 明匪（陈安野著网络小说） 《明匪》是连载于百度小说的一部历史类网络小说,作者是陈安野。",https://zhuanlan.zhihu.com/p/101844072
杨贵妃,,历史,8.3,《杨贵妃》是历史类小说。,https://yuedu.163.com/book/category/category/2000/2016
天平之甍,,历史,8.3,《天平之甍》讲述的是，推动和参与鉴真东渡的日本僧人的一生，小说主要人物是留学僧这一群体，但若一定要择其一设定为主人公，那便是普照。,https://yuedu.163.com/book/category/category/2000/2016
敦煌,,历史,8.3,在文化層面上 ， 外國探險者的傳奇之旅以及他們對敦煌文化和歷史文物的態度是小說敍述的一個核心， 探險本身是富有傳奇性的，作者卻有意淡化小說的故事性，強化了小說的文化內涵和象 [...] 遙遠的島國，進行想像與虛構，藝術地再現了敦煌遺書和藏經洞的形成和發現過程，引 起了世界範圍的關注。,https://yuedu.163.com/book/category/category/2000/2016
苍狼,,历史,8.3,西游补 作者： 【明】董说 ￥39.99 故事承接在唐僧师徒四人过火焰山之后，写孙行者化斋，为鲭鱼精所迷，撞入了自称为小月王的,https://yuedu.163.com/book/category/category/2000/2016
我要做皇帝,,历史,9.1,单主评论： 🔥我要做皇帝🔥 标签：西汉、历史、皇帝 评分：⭐️⭐️⭐️⭐️⭐️ 状态：完结 推荐指南：本书,https://www.qidiantu.com/booklist/646682
我要做门阀,,历史,8.9,本书扣扣群：73927047 单主评论： 我要做门阀🔥 标签：西汉、历史、穿越 评分：⭐️⭐️⭐️⭐️ 状态：完结 推荐指南：本书时间位于于西汉汉武帝末年，主角身份是一个普通学子，开局先是摆脱困境，后一步步走向巅峰。,https://www.qidiantu.com/booklist/646682
汉阙,,历史,8.3,作者： 七月新番 标签：历史 秦汉三国 状态:完本 总字数:198万 真实粉丝数:6万 总收藏:19万 总推荐:144万 刷新时间:2025-05-23 03:53 作品信息： 新书,https://www.qidiantu.com/booklist/646682
神话版三国,,历史,8.3,作者： 坟土荒草 标签：历史 秦汉三国 状态:连载 总字数:2453万 真实粉丝数:34万 总收藏:114万 总推荐:1174万 刷新时间:2026-09-02 03:43 作品信息： 陈曦看着将一块数百斤巨石撇出去的士卒，无语望苍天，这真的是东汉末年？,https://www.qidiantu.com/booklist/646682
庶族无名,,历史,5.2,庶族无名 《庶族无名》是王不过霸创作的历史题材网络小说，于起点中文网连载，2020年11月30日完结，总字数212.41万字。,https://www.qidiantu.com/booklist/646682
诡三国,,历史,8.3,单主评论： 诡三国 标签：三国、历史、穿越 评分：⭐️⭐️⭐️✨ 状态：连载 推荐指南：又是一本慢热的三国文，作者文笔细腻，主角理智坚定。,https://www.qidiantu.com/booklist/646682
上品寒士,,历史,8.8,上品寒士（贼道三痴所著小说） 《上品寒士》是贼道三痴创作的历史题材小说，2009年9月21日至2011年2月17日连载于起点中文网，全书共156万字，属历史·两晋隋唐类别。,https://www.qidiantu.com/booklist/646682
从神探李元芳开始,,历史,8.3,（书友群797607104） 单主评论： 从神探李元芳开始🔥 标签：唐宋、明代、诸天 评分：⭐️⭐️⭐️⭐️ 状态：连载 推荐指南：本书虽总体上属于无限流小说，可对各个世界的历史人文描述的十分不错。,https://www.qidiantu.com/booklist/646682
寒门崛起,,历史,8.3,作者： 朱郎才尽 标签：历史 两宋元明 状态:连载 总字数:506万 真实粉丝数:18万 总收藏:32万 总推荐:279万 刷新时间:2026-08-22 23:06 作品信息： 这是一个就业路上屡被蹂躏的古汉语专业研究生，回到了明朝中叶，进入了山村一家幼童身体后的故事。,https://www.qidiantu.com/booklist/646682
数风流人物,瑞根,历史,8.3,盛世隐忧 数风流人物（瑞根创作的长篇历史类网络小说） 《数风流人物》是瑞根创作的一部长篇历史类网络小说，于起点中文网连载完结，属于历史官场养成文类型。,https://www.qidiantu.com/booklist/646682
崇祯聊天群,叫天字数,历史,8.3,- 知乎 第三本《崇祯聊天群》作者：叫天字数：343.7万. 简介：“崇祯皇帝被忽悠上吊丢江山，但是，这本书，皇帝虽在深宫，却有一个和外面 崇祯聊天群_百度百科 《崇祯聊天群》是叫天创作的历史类网络小说，于2017年6月1日至2019年1月31日在起点中文网连载，全书共343.73万字，分1337个章节，获18.38万总推荐、8.4总评价分，已,https://www.hongxiu.com/category/20028_20030_f1_f1_f1_f1_0_1
这是朕的江山,,历史,8.3,北宋大中祥符三年，皇宫李氏诞下双胎，大孩儿被皇后抱为己子，小的却传说是一团状似狸猫的肉块...... 十数年后一名穿越者带着弟子们在海外逐步崛起，北宋的科技、经济随之发生了翻天覆地的变化。,https://www.hongxiu.com/category/20028_20030_f1_f1_f1_f1_0_1
碧落天刀,,玄幻,9.0,作者： 风凌天下 标签：玄幻 异世大陆 状态:完本 总字数:261万 真实粉丝数:6万 总收藏:25万 总推荐:66万 刷新时间:2023-09-19 19:43 作品信息： 一刀斩破生死路，寒刃屠尽负心人！,https://www.qidiantu.com/booklist/645980
我是至尊,,玄幻,8.7,作者： 风凌天下 标签：玄幻 东方玄幻 状态:完本 总字数:460万 真实粉丝数:10万 评分:8.70 总收藏:54万 总推荐:590万 刷新时间:2023-08-29 16:23 作品信息： 药不成丹只是毒，人不成神终成灰。,https://www.qidiantu.com/booklist/645980
天域苍穹,,玄幻,9.2,天域苍穹官方群一：376497379 天域苍穹官方群二：374474820 单主评论： 推荐指数:⭐⭐⭐⭐★ 状态:522万字 完结 作者:风凌天下 起点白金作家，著有,https://www.qidiantu.com/booklist/645980
神墓,,玄幻,9.0,《神墓》是有着宏大叙事结构的网文小说，世界观和想象力都让人眼界大开，荒古异兽、龙骑士、魔法师、武者和修道者等东方修真界和西方魔法界人士们一同存在于书中的异想世界里，它将上古神话传说、东方修真、西方魔法、家族史、个人爱恨情仇巧妙地融合在一起，构建出了一个宏大的荡气回肠的故事宇宙。,https://www.sohu.com/a/498032138_120304223
不死不灭,,玄幻,9.0,书中以主人公陈楠寻找一万年前情人玉馨、追寻神魔消亡的奥秘为线索，引出了浩瀚的六条路和天地棋局，演绎了一个充满鲜血、英雄主义和悲伤的传说，讲述了无数英雄、美女的传说，并探讨了人性、社会、生活等因素，这些因素不仅在阅读后感人至深，而且回味无穷，不断反思可以说是网络小说的优秀产品，辰东大大的,https://www.sohu.com/a/498032138_120304223
遮天,,玄幻,9.0,内容简介：《遮天》以“九龙拉棺”为引，讲述主角叶凡在泰山聚会时被九龙拉棺带离地球，进入北斗星域，得知自己身具荒古圣体。,https://www.sohu.com/a/498032138_120304223
太初,Image,玄幻,9.0,小说讲述大田镇少年秦浩轩被毒蛇咬伤后意外获得灵魂附体的 白金作者高楼大厦写的《太初》为什么能在起点推荐 太初就是起点小说的耻辱，作者完全在想当然，感觉智商很感人，小蛇搬东西，勉强理解为吞，还能吞飞剑， 水府出来,https://zhuanlan.zhihu.com/p/618502246
雪鹰领主,,玄幻,9.0,其他帐号登录：QQ登录微信登录微博登录 新手卡 小说作者 VIP特权 至尊会员 客服中心 传真电话：020-85166566 客服电话：0553-8125237 充值咨询：在线客服 游戏咨询：在线客服 立即扫二维码 关注洋葱头微信 豪华大礼等你拿 选择 服 进入 本游戏适合18岁以上玩家进入 游戏资料 您的位置： 雪鹰领主 > 游戏资料 > 《雪鹰领主》东伯雪鹰人物介绍 # 《雪鹰领主》东伯雪鹰人,https://wapbaike.baidu.com/tashuo/browse/content?id=c305a5b01c9e6d6edb20b683
莽荒纪,,玄幻,9.0,词条图册 更多图册 概述图册(1张) 实体书(8张) 词条图片(1张) 1[]( 莽荒纪章节．54中文网 [引用日期2015-07-28] 2[]( 《莽荒纪》完结完整版小说．爱书屋小说分享网 [引用日期2015-09-29] 4[]( 《莽荒纪》游戏介绍：是一款仙侠题材的网页游戏，以同名网络小说《莽荒纪》为蓝本，玩家将置身小说中所描绘的的世界，以原创角色的身份与原著人物互动，推进游戏剧情的发展．,https://wapbaike.baidu.com/tashuo/browse/content?id=c305a5b01c9e6d6edb20b683
吞噬星空,,玄幻,9.0,吞噬星空罗峰有几个老师 – 快看漫画问答 第三个就是混沌城主，在经过老师真衍王的指导后，罗峰了解了宇宙中还有其他人类，并且知道了人类族群前三的巅峰强者混沌城主， 拥有着宇宙之主的实力，对宇宙中人类族群付出了很大的努力，最终拜了混沌城主为师。,https://wapbaike.baidu.com/tashuo/browse/content?id=c305a5b01c9e6d6edb20b683
九鼎记,萧鼎,玄幻,9.0,作品以禹皇立九鼎划分九州 推荐三本仙侠小说，《九鼎记》 融武侠仙侠于一体人物塑造 ... 推荐三本仙侠小说，《九鼎记》 融武侠仙侠于一体人物塑造别具一格 · 第一本《戮仙》 作者：萧鼎 字数：265.4万 · 第二本《九鼎记》 作者：我吃西红柿字数：,https://wapbaike.baidu.com/tashuo/browse/content?id=c305a5b01c9e6d6edb20b683
My Brilliant Friend,,都市,8.7,My Brilliant Friend: The Four Volumes 這是關於什麼？,https://www.verse.com.tw/article/best-books-21st-century
那不勒斯故事,,都市,8.7,書評》沒有轉型正義，愛與恨都走不下去 而《那不勒斯故事》不只描述兩個女孩互相超車，它要帶讀者去看，這 ... 作者簡介：艾琳娜．斐蘭德. 出生於義大利那不勒斯，行事低調，真實姓名 那不勒斯故事3：逃離與留下| 紐約時報21世紀100本書 ... 從2011年陸續出版的小說【那不勒斯故事】四部曲，描寫女作家與童年好友的故事，內容廣及十個家族與六十年的生命歷程。,https://www.verse.com.tw/article/best-books-21st-century
那不勒斯四部曲,,都市,8.7,的首部作品，被英國BBC選為21世紀百大好書。 故事描繪兩位女孩在成長過中相互欣賞也相互妒忌，深刻寫出女性間的真實友誼狀態。 2018年，HBO將其改編成電視劇後更大受好評。 儘管費蘭特曾入選,https://www.verse.com.tw/article/best-books-21st-century
The Warmth of Other Suns,,都市,8.7,", 簡中版 書名《 他鄉暖陽 by Isabel Wilkerson 本書描述1915年至1970年間，數百萬非洲裔美國人從南部農村到北部和西部城市的大遷徙，透過三位個人的微觀故事，揭示他們面臨的系統性種族歧視和社會挑戰。",https://www.verse.com.tw/article/best-books-21st-century
Ｗolf Hall,埃內斯特,都市,8.7,"小说以16世纪都铎王朝为背景，通过托马斯 2009十一月外文館文學選書：這是精彩的都鐸王朝歷史大戲 文章：2009十一月外文館文學選書：這是精彩的都鐸王朝歷史大戲，這是離我們最近的當代情境：《Wolf Hall》,作者：埃內斯特,發佈日期：2009年11月2日.",https://www.verse.com.tw/article/best-books-21st-century
狼廳,,都市,8.7,（天下文化出版） 本書描繪英國16世紀都鐸王朝時期的權力鬥爭與政治陰謀，作者通過細膩的筆觸和深刻的心理描寫，深入挖掘權力、忠誠與背叛等主題。,https://www.verse.com.tw/article/best-books-21st-century
The Known World,,都市,8.7,超過 ... ### Top 4. 《The Known World》（已知的世界） by Edward P. Jones 《已知的世界》是一部扣人心弦的歷史小說，以美國內戰前維吉尼亞州的奴隸制度為主題，透過多個人物的視角，展現奴隸制度的複雜性和道德困境。,https://www.verse.com.tw/article/best-books-21st-century
已知的世界,,都市,8.7,已知的世界 《已知的世界》是美国作家爱德华·P·琼斯历时十年构思并创作的第一部长篇小说 · 小说基于美国19世纪中期存在的“黑人奴隶主”这一特殊历史现象，以相关史实为基础进行创作. 已知的世界- 图书 《已知的世界》以美国十九世纪末一段令人难以置信的史实为基础，叙述了一个黑人奴隶主匪夷所思的一生。,https://www.verse.com.tw/article/best-books-21st-century
Corrections,,都市,8.7,"### Top 5. 《Corrections》, 繁中版書名《修正》 by Jonathan Franzen 台灣中譯書名《修正》(新經典出版)台灣中譯書名《修正》(新經典出版) 強納森法蘭岑是極少數登上過《時代》雜誌封面的作家，並被譽為「偉大美國小說家」（Great American Novelist），他也是極少數台灣有出版多部代表性作品的美國重要小說家。",https://www.verse.com.tw/article/best-books-21st-century
修正,,都市,8.7,《自由》 乔纳森·弗兰岑: r/books 尽管弗兰岑早期的小说《修正》，在2001年获得了国家图书奖，但许多读者对作者在书中的方向表示异议，因为他呈现了一群堕落和可憎的家庭成员，这与文学 修正| 誠品線上 繼《自由》之後，法蘭岑問鼎全球文壇的重要作品《修正》，終於要在繁體中文的世界出版了。,https://www.verse.com.tw/article/best-books-21st-century
荒野偵探,,都市,8.7,」（《時光列車》） Roberto Bolaño，台灣譯為羅貝托・博拉紐，他的小說Los Detectives Salvajes（The Savage Detectives，簡體版譯為《荒野偵探》）繁體版在2012年以《狂野追尋》之名上市。,https://www.verse.com.tw/article/best-books-21st-century
地下鐵道,,都市,8.7,在小說中，這個幫助美國黑奴逃亡的地下鐵道，不僅是一個秘密交通路線網，而是一條實實在在的地下鐵路系統，而科拉搭乘這條鐵道經歷了一系列驚險旅程。,https://www.verse.com.tw/article/best-books-21st-century
Austerlitz,天空,都市,8.7,"斗罗大陆2绝世唐门第四季 下一篇：简爱作者简介(《简爱》作者简介) - 简爱,作者简介,简爱",https://www.verse.com.tw/article/best-books-21st-century
玄鉴仙族,季越人,玄幻,9.0,陆江仙熬夜猝死，残魂却附在了一面满是裂痕的青灰色铜镜上，飘落到了浩瀚无垠的修仙世界。凶险难测的大黎山，眉尺河旁小小的村落，一个小家族拾到了这枚镜子，于是传仙道授仙法，开启波澜壮阔的新时代。(家族修仙，不圣母，种田，无系统，群像文),https://m.qidian.com/book/1035420986
没钱修什么仙？,熊狼狗,玄幻,9.0,老者：“你想报仇？”少年：“我被强者反复侮辱，被师尊视为垃圾，我怎么可能不想报仇？”老者摸了摸少年的脑袋，叹道：“好孩子，我来传功给你吧。”少年惊道：“前辈！这怎么行？”老者伸出手：“把你手机给我。”少年看着手机上的变化，震惊道：“前辈！这哪里来的百年功力？”老者微微一笑：“好孩子，这是你在天庭的备用功力，以后急用的时候随用随取，别再被人侮辱了。”少年皱眉：“这不是法力贷吗？我怕……”老者：“天庭,https://m.qidian.com/book/1042256511
急急如律令,黑山老鬼,其他,8.7,你们灵异才复苏啊？我都被鬼缠了两年多了！另外，你说这世界上最凶的法，是我造的？,https://m.qidian.com/book/1049745989
现实编程协会,木也马,其他,8.7,【中国作协2026年度最具转化价值文学IP作品】【银河奖最佳网络文学入围，银河计划征文获奖作品】江城的大雨连着下了数月，掩藏了很多不对劲的东西。余弦觉得自己病了：身边人陆续消失，微笑自杀案接连出现，习惯和记忆对不上号，陌生网友做着相同的梦，大学的教授离奇死亡。......暴雨越下越大，城市变成了一个个“孤岛”。洪水滔天，“人造暴雨”谣言四起，隐约把矛头朝向了科研机构。一段名为“午夜公交车”的音频，,https://m.qidian.com/book/1047535456
武道！,田隶,其他,8.7,城寨、烟馆、花街、赌场、社团、大探长……李修文穿越到了殖民政府统治下的香海，此世江湖余温尚在，超凡暗流涌动，拳馆林立，龙蛇并起。逼仄的钢铁森林中，武道流派丛生，龙争虎斗不断。龙城大擂上，一位位武道强人登峰造极，挣脱肉体枷锁，成为了这个时代的仙圣神佛。这群人，被称为：“超限者”！【已完本550万字万订文《巫师：从骑士呼吸法开始肝经验》，270万字万订文《武圣！》，写书至今，从无太监！纯正古法码字，键,https://m.qidian.com/book/1049534879
我的魔法没有上限！,瑟瑟发抖梨花猫,其他,8.7,转生成异世界魔法师的泽利尔，获得了可以解锁神级天赋技能的外挂。升到二级，即可从以下天赋技能之中二选一：其一：【法术汹涌】提升魔力上限，提升回蓝速度，提升法术强度，让你的魔法基础如磐石般牢固。“火力！即正义！”其二：【术式天演】能够解析看见的任何魔法术式结构，并将其复现出来化为己用。“你的魔法很不错，不过下一秒就是我的了。”稍加思索，果断选二！从此泽利尔化身偷学狂魔，任何魔法只要一眼，瞬间就能变成自,https://m.qidian.com/book/1040840487
剑烛大荒,爱潜水的乌贼,玄幻,9.0,“烛龙，食之开浑沌、照九阴、掌昼夜、更替四时、呼风唤雨。“相柳，食之蚀大地、吞山岳、毒百世、九头各行。“肥遗，食之克虫豸、御精神、百病不入。“蜮虫，食之擅伏擅藏、含沙射人。“……“这个世界的秘传《山海经》怎么和我上辈子看得不太一样？”丁松言默念之中，侧头望向旁边的人：“你是说，这些东西早已绝迹，只有先吃者根据身体变化开创的武功遗留下来，可以修炼？”,https://m.qidian.com/book/1048862481
只有我知道动漫剧情,懒猫还在睡,其他,8.7,“什么忍者卡卡西，拙劣模仿五条悟大人的可笑货色罢了！”“这个编号645世界，很明显战士长【葛杰夫·史托罗诺夫】是主角，人家是王国最强的战士，放眼领近国家，无人能与之匹敌！”“【精钢级】小队？战士长一只手就能捏死！”“感觉时钟塔的魔术师挺好的啊，我叔遇到的几位性格都不错，还有的魔术师表示，他深爱着人类。”“忍者世界木叶村的主角被我发现了！绝对是李洛克，废柴流开局+热血笨蛋，没有天资，被大家看不起，b,https://m.qidian.com/book/1047701560
重生之香江千古财团,大寺,都市,8.7,2025年张泽阳是一个私募基金经理，他2015年毕业于魔都大学金济系。经过十年的打拼成为了某私募基金公司的经理。在2025年的一次操控股票后，刚下班就被女司机撞飞。当他再次醒来，成为了1970年的张泽阳。,https://m.qidian.com/book/1047387317
庆余年开始凿穿诸天,法斗不码字,其他,8.7,人在庆余年，辐射修仙。什么庆帝、大宗师、皇子、长公主，鉴察院、太后，桑文一个能打的都没有。（祖国人属性，不舔原著人物，杀伐果断，纯爽文。）,https://m.qidian.com/book/1050079949
年代，从四合院开始实业兴邦,海悦许,都市,8.7,1955年，时代浪潮滚滚而来。穿越平行年代世界，二十一岁工业技术员，科班出身，根正苗红。因建厂初期宿舍紧缺，被迫暂住95号四合院。院里鸡零狗碎、家长里短？他身居陋室，心藏山海，从不掺和内耗。深耕轧钢技术，改良工艺，增产提质。苦学俄语接轨北方专家，暗修英语布局未来，抓住第一届广交会时代风口，借力粤港地缘优势。从京城钢厂技术员，到南下粤省，深耕外贸，狂赚外汇。立足时代，钻研技术，步步晋升，走出一条独属,https://m.qidian.com/book/1049004821
从星露谷种田开始成就真君,龙井与柠檬,其他,8.7,楚乐穿越修仙世界，成为最底层的修仙者，依靠种地卖作物换取灵石为生。本来日子就苦，结果被人陷害，眼看就要身死道消，就当他觉得自己要成为穿越者之耻时，他觉醒了世界跃迁系统，可以穿越到星露谷的世界中。依靠在星露谷世界中获得资源修仙长生。种田、畜牧、开矿、采集，战斗......【普通防风草:类似萝卜的块茎植物，味甜，筑基及以下修士服用后突破瓶颈概率提高10%】【普通韭葱：洋葱的美味近亲，筑基及以下修士服用,https://m.qidian.com/book/1044546601
神宠供应商,轻泉流响,其他,8.7,海洋纪元，人类与变异海兽共存。体长百米的大王乌贼拉动战船，穿过危险的海峡；身如岛屿的巨型鲸鱼上，有人建立国家；海盗、商船、大秘宝、传说中的航路……时值大航海时代，洛羽穿越而来，成为了一名见习御兽师。多年之后……“什么叫我的宠兽不合法？”“我这就是正经御兽！”拥有「史上最强生物学家」「进化狂潮发起人」「究极繁育大师」「大地之神缔造者」「神宠供应商」等众多头衔的洛羽反驳道。,https://m.qidian.com/book/1050460263
1980潮起潮落,米饭的米,都市,8.7,【语音+手搓，无系统年代文、日常种田、养虫、海边、收获】1979年是一个春天。1980年对陈海潮来说也是一个春天。他积极发展，想改变全家命运，带着大家走出一条不一样的路。村子里有天然废弃的老盐田，但家庭联产承包制还没推行，他只能先从卖海米攒出第1桶金。陈海潮看着家里一溜的姐姐们，“你们改个名字吧，现在的名字不好，咱家虽然重男但不轻女。”陈招娣、陈引娣、陈盼娣、陈思娣四人面面相觑。陈喜喜跺了跺脚，奶,https://m.qidian.com/book/1050208156
斗罗绝世：我，最后的天灾,火中寻月,其他,8.7,【已有完结精品斗罗同人】林恩穿越了，第二次穿越了，上一次是在高架桥上，只记得迈巴赫的灯特别耀眼，驾驶位少年的表情很张狂，他想问这孩子tm有驾证吗？！这一次穿越！他一定要书写自己的传奇。等一下这是哪？地牢！人体实验？旁边还有一个小丫头说这里是邪魂师的米奇妙妙屋。完蛋！我被邪魂师包围了！好在脑子里有一个不怎么贤者的小贤者，武魂还是代表人体的免疫系统和神经系统，而他貌似也不是人类，而是一头伪装成人的龙。,https://m.qidian.com/book/1050366123
异常病理科,给您添蘑菇啦,都市,8.7,“恭喜，你不是脑癌。”“太好了！！可……我为什么会冒出来陌生的记忆啊？”“看到这里了么，你70%的大脑已经被这玩意儿替换了。”“？？？这不是更严重！”“不严重也轮不到我来看诊。”“所以这有什么好恭喜的啊！”“恭喜？我说了么？嗯……应该是在恭喜我自己吧。”“？？？你为什么在笑啊大夫！！”“你看错了，我是专业的。那谁，堵好门，别让他跑了。”“？？？”【正经医疗剧，不太克苏鲁】,https://m.qidian.com/book/1050317496
浊世游戏,不落鱼,其他,8.7,姜明穿越而来，为谋求生计加入游戏工作室，成为《浊世》游戏的玩家。然而当姜明戴上游戏头盔的那一刻，他意识到这不是游戏，而是另一个真实的世界！浊世之中，四大道途并立，三百六十五行当百花齐放：【市井穷途】以苦难承载因果：【污衣客】→【聚骨人】→【百衲叫花】，因果讨债，万法不沾！【江湖水陆】以气血铸就杀伐：【艄公】→【镇河排夫】→【巡海夜叉】，踏海驭兽，武道通天！【奇门方术】以灾厄窃取天机：【走方郎中】→,https://m.qidian.com/book/1050342614
烽火照神州,梁墉,武侠,8.7,【金庸风，非传统爽文。每日晚八点更新，谢谢关注。】承靖五年，秋。东莱国“疯王”屡屡出兵骚扰昭国边境，搅得昭国百姓苦不堪言。昭帝与众臣商议后，决定下旨征莱。只一月，东莱国灭，其国主被逼自戕。但那“疯王”身怀邪功，异于常人。死前，他以秘法寄残魂于一新生婴孩体内，妄图以此转生，伺机对昭国复仇。萧澈便是他寄身的肉体。那少年原本秉性纯朴，只因一次宗门比试时体内邪功爆发，便被逐出山门。下山后，萧澈受朝廷通缉，,https://m.qidian.com/book/1050142087
火影：天才宇智波，但开局仙人体,宇智波番长,其他,8.7,夜月穿越火影世界，成为宇智波一员，与夕日红和旗木卡卡西等人是忍校同期。好消息，天生六种查克拉属性，全方位天赋拉满。坏消息，没有穿越者必备的系统，精神状态过于稳定，没开启写轮眼，并且身患严重血继病。绝佳消息，大蛇丸发力了。拥有仙人体的不死忍者，宇智波一族最受欢迎之人，人际交往大师，忍界有史以来的最强天才，堂堂登场！,https://m.qidian.com/book/1050716068
朕也要上大学吗？,戏呈不吃醋,都市,8.7,赵政刚高考完，只想当个普通的大一新生，可他的系统不这样想。【任务：早朝听政，整顿朝纲】【任务：御驾亲征，平定叛乱】【任务：选妃三千，立后立储】“这这这……”“谁把这系统放我身上的？”“可真是，真是害苦了朕哪！”…………姜念初登基为帝，只想守住父皇留下的破碎河山，‘大学生模拟器’却找上了门。【任务：完成新生报道】【任务：当选学生会主席】【任务：寻找学习搭档赵政】“完成任务，便能获得丰厚奖励，便能……,https://m.qidian.com/book/1050718535
玄鉴：玉阙仙途,周了道,玄幻,9.0,"玄鉴仙族同人主角是天素,有挂参紫前是玉真剑仙，cos第一玉真玄泱求的是玉真闰真炁之后会空证---一招行错，满盘皆输。前世纪秉钰无奈自刎归天，以谢真君。应是玄主垂青，正始怜惜，纪秉钰重生在自己二十八岁刚成就仙基的那一年。",https://m.qidian.com/book/1048089904
权游：从私生子到龙王,原子梦,其他,8.7,穿越《冰与火之歌》世界，成为琼恩·雪诺。本以为自己只是临冬城的私生子，却没想到体内流淌着坦格利安的血脉。四岁那年，他在梦境见到了属于自己的龙。十年后，梦中的巨龙降临现实。从此，他拥有了改变命运的力量，让原本注定的结局彻底改变。当白龙再次翱翔于维斯特洛的天空，世人终将知晓——坦格利安血脉，从未真正消亡。他真正的名字是——杰赫里斯·坦格利安。,https://m.qidian.com/book/1050665405
从骨王开始征服综漫世界,鹅城大学生,其他,8.7,罗伊撞大运后，获得次元之门。他不仅能穿综漫世界，还能自主选择世界。全职猎人，海贼王，火影忍者，Overlord，一拳超人，美食的俘虏……每个世界都蕴含神秘而强大的力量。念能力，恶魔果实，忍术，位阶魔法，怪人细胞，美食细胞……第一次穿越，该选哪个世界，才能利益最大化？罗伊看完所有选项，果断选择《Overlord》。不是他喜欢骨王，而是这世界玩游戏就能变强，还附赠一堆手下与财宝。没有比它性价比最高的选,https://m.qidian.com/book/1050332235
火影：每年一个金手指,我姓刘了油刘,其他,8.7,穿越火影，宇智波秀表示：开挂嘛，就特么要大大方方的开！带个破系统就叫开挂？开什么玩笑？让别人看到还以为我开不起呢！再来一挂！一年一挂！五岁不死身，六岁万花筒，懂不懂什么叫地球母亲的馈赠啊？我都叫母亲了，怎么可能只有一份馈赠？唧唧歪歪叫什么呢？有什么问题和我地球母亲说去吧！挂来！！！,https://m.qidian.com/book/1049767385
高武：加入聊天群的我降维打击,仓鼠捡拾道果,其他,8.7,苏牧转生到现代高武世界，以为自己拿到的是常规剧本：勤学苦练，天赋觉醒，名师指点，考上顶尖武道大学，然后踏入星空，与外族战至宇宙之巅，一步步成为最强。他以此为目标，日复一日，从不懈怠。直到成年那天，他的脑海中突然响起一声：“叮，恭喜你加入超次元聊天群。”从此，画风突变。对手懵了：“什么叫做你能把他人与自己距离的空间，无止尽地无限缩小？”对手麻了：“什么叫做你可以让强的力量变弱，让弱的力量变强？”对手,https://m.qidian.com/book/1050411287
不懂，我玩猿神的,太钛剑,其他,8.7,一个正在渡过快乐假期的大学生洪欣突然发现自己的电脑上出现了一款名为《星球起源》的游戏，玩家将操作选择的物种征服整个星球。洪欣选择的是人类先祖南方古猿，而其他的玩家选择的却是早已灭绝的顶级肉食动物，于是一场种族战争开始了。……洪欣：什么数值不数值的，我们猿神玩家靠的都是努力与汗水！加强猿神！某宇宙空洞的黑影的化身：明明是一个拼数值的游戏，他在那运营，我们有什么办法，被运营到死！某亚空间恶念的化身：这,https://m.qidian.com/book/1050300452
美漫：我的病娇女友祖国人？！,云中糯米滋,其他,8.7,一朝穿越美漫。哥哥是克拉克·肯特。亚列释然地笑了。可直到有天他失踪多年的本叔叔回到农场。等等...他难道是小蜘蛛剧本？！可他又看到了本叔叔身后的金发女孩。“叮！”“检测模板-祖国人。”“原有氪星人模板可晋升。”“——亥伯龙。”“——请用爱打倒这个错误的世界吧。”什么叫我有个本叔叔，但是士兵男孩？！什么叫我有个超女表妹兼青梅竹马，但是祖国人？！什么叫他还要以一人之力打倒整个...亚列恍然大悟。阿祖，,https://m.qidian.com/book/1049633227
冒险者来了,近卫紫,其他,8.7,穿越而来的夏林没过几天舒坦日子，家里就破产了为了活命，夏林只能依靠【物品鉴定】这项技能，走上了冒险者的道路。就这样，故事从清理下水道的老鼠开始了。作品要素：【小队冒险】、【伪DND】、【泛pf世界观】,https://m.qidian.com/book/1044281259
重生2013：从做空扶弟魔开始,icu住户,都市,8.7,江阳三年前终于摆脱了扶弟魔妻子，对所谓的婚姻嗤之以鼻。爱情？狗屁的爱情。年入近五十万的他，才刚刚体验到单身的快乐时，却被一次意外送回了2013年。在这个傻子都能赚到钱，舔狗经济刚刚抬头的年代。江阳会如何选择？顺应天命？还是逆版本前行？啐！不管以后怎么走？第一件事都是让那个女人先还了前世的债……,https://m.qidian.com/book/1049023968
从十倍寿元苟到金丹长生,八岁猛男,玄幻,9.0,【长生苟道流，真长生】别人修仙，争的是寿元。路远一上来就把这件最值钱的东西攥在手里了。十倍寿命，九世可活——这辈子他打算苟着。不结仇，不掺和，不入险地。看同期天才一个个登顶，看故人一个个老去。这世上的事，慢慢看就好。反正，他还有八辈子！,https://m.qidian.com/book/1040463331
奥恩天选，上古时代的宝贝！,白马似马非马,其他,8.7,弗雷尔卓德迎来了一位拥有锻造面板的穿越者，一位脑海中拥有炉乡人千年传承的老辈子。【尖端发明家：锻造十件成装1/10】【锻造大师：锻造十件不同装备3/10】【钢化你心：锻造成装心之钢0/1】【坚韧：锻造五件坦克装备0/5】【上古时代的宝贝：为自己的杰作找到合适的主人0/5】在十几年如一日的磨练技艺后，他终于获得了老奥恩的认可，成为了一名神眷者。那么，是时候让炉乡人的炉火重新点亮了！什么任务？不要影响,https://m.qidian.com/book/1048773092
棺自在,超级坚果人,玄幻,9.0,怨气浸染的土地，滋生邪祟。血社火，香火会，酬神戏，造花盘，解禳驱邪的科仪，暗生诡异。江水倒灌，镇杀恶神，古城废墟之上，以万民遗骨砂石为基，建起新城。徐蝉一觉醒来，便已被卖了八字，成了这诡异世界中的活替身。平日里，诵经祈福，为富家少爷积累功德福报。邪祟来袭，更要用命为少爷挡灾。生死之际，徐蝉意外获得幽冥八法传承。两名男女，一者为棺，一者为尸。以人身为棺，豢养尸仙。他日，尸解登仙。而我，棺自在。,https://m.qidian.com/book/1048662680
西幻：从骑士六艺肝出无限神职,五斤熟牛肉,玄幻,9.0,李奥穿越西幻世界。兽人和人族纷争不断，深渊亡灵正在苏醒，更高位面的力量像一双大手操控世间。战火席卷的大陆上，超凡人类以力量和智慧守卫最后的和平。李奥穿越成骑士侍童，学习骑士六艺。马术、吟诗、射猎、棋术、医术、剑术。凭借面板不断解锁职业，获得特性技能。【马夫】（白）特性：马语者技能：御马【剑手】（绿）特性：磨砺技能：剑术【猎手】（绿）特性：敏锐技能：猎杀、追踪【吟游诗人】（绿）…一个个职业技能被他肝,https://m.qidian.com/book/1047797817
三国：每日结算我助刘备三兴季汉,安静l,其他,8.7,东汉初平四年，曹操率领大军东征徐州，为父复仇。陆雍穿越成徐州一寒门文士，成为刘备军师。他觉醒了每日结算系统，可以根据每日所作所为，结算成不同评价，以获得各种属性、天赋词条等奖励。当所有人以为徐州是块必争之地时，陆雍却力排众议，劝说刘备去江东。陆雍：“有人说孙家是桃园三兄弟的克星，现在你家没了，你克一个给我看看？”袁绍：“陆雍那张嘴，是真能骂死人！”曹操：“得陆怀安者得天下，刘备给你多少，我曹操给十,https://m.qidian.com/book/1048927560
港综：打造财阀，从遇见大嫂开始,压不垮的小草,其他,8.7,杨东穿越到了80年代的香江，成为倪家五大头领韩琛的小弟，开局大嫂玛丽姐让他暗杀倪坤。刚好杨东激活了氪金系统，只要充值就可以变强大，大师级枪械技能，泰拳，八极拳，豪华赌船，黑鹰直升机通通都有。杨东建立安保公司，拍电影，收购太古集团，创立全球最庞大的商业帝国。爆锤英资财阀，成为香江华人之光！时代杂志评价：“香江有两个总督，一个是英国总督，另一个是无冕总督！,https://m.qidian.com/book/1048388770
神诡大明：我锦衣卫以枪法破万法,弹坑底的羊,历史,8.3,最初，没人在意嘉靖得道，以为是皇帝濒死前的幻觉。但大明真的破周期，续命五百载，煌煌国祚稳如山。此时乱力诡神显世，道门天骄引天雷，佛门佛子炼金刚，儒家秀才养正气，军中天骄持锋锐。锦衣卫常远只问：能挡子弹吗？不能？不能你叽里咕噜念什么咒？和我的大狙去说吧！众人：你放屁！哪有200毫米口径的狙？常远：能开镜、单发、秒人，这就是狙！只要口径大，枪法也是法。当量给的足，弹道亦大道。,https://m.qidian.com/book/1048918389
华娱，她们都是我的羁绊,蒜苗回锅肉仙人,都市,8.7,（非常规类文娱，主打日、常，其他都是顺带的。）罗格意外获得一张能在2013与2025双向穿梭的时空卡。这张卡可以抽取内娱女星卡牌、绑定专属羁绊。得知规则仅限内娱后，他直接放飞自我，无所顾忌，就是玩！范小胖拽着他：“罗格，再带我去一趟2025，我要锤死那个老女人！”景恬连忙跟上：“哥，我也去，额要问问那个大姐脑子是不是有坑！”热芭满眼期待：“罗哥，我在25年混的怎样，有没有拿下影后？”娜扎自信挑眉：,https://m.qidian.com/book/1048268347
请控制我吧，神明大人！,箬鸟,玄幻,9.0,一个邪祟遍地的世界，一个腐朽陈旧的王朝。一具幽居王府的身躯，一个鲜活的穿越者灵魂。穿越成王爷世子的周青，在枯燥的古代世界，终于觉醒了自己的金手指：一款体量庞大，没有暂停回档的民俗文字冒险游戏。而他进入游戏的初始角色，是一名穷困潦倒、走投无路的少女。…我叫李青禾，今年十六岁。就在我饿晕在路边时，耳边响起了莫名的呢喃：“初始属性好低啊，主线、支线呢？弱引导强探索的开放世界？”“还有温饱槽、健康值和理智,https://m.qidian.com/book/1048544908
希腊：我就是宙斯！,想吃就吃牛肉,其他,8.7,（已有单本230万字完本作品，更新稳定，人品有保障，请放心追读）宙斯是最初，是最终，是天穹的神主。祂是万物的创造者，繁育万灵。是伟大的至高天父，亦是永恒的纯洁待嫁娘。所有存在之物，从此成为唯一。一切存在的主，将永远如是。至高的父，绝对之主，自有永有，全知全能。宙斯——这是一切，高于一切者。DeusjezapravoZeus.（作者和宙斯很熟，经过宙斯授权，有宙斯亲自指导创作，并非乱写）【另，本文为,https://m.qidian.com/book/1044836690
洪荒：从三清幼弟开始改命,风落梧桐叶,其他,8.7,周衡一觉醒来，发现自己成了昆仑祖脉深处的一枚先天道胎。道胎之外，三道身影论道昆仑。一个清静无为，一个威严持重，一个锋芒洒脱。直到他听见那三个名字太清老子。玉清元始。上清通天。周衡这才明白，自己穿越到了洪荒，而且成了三清之外那一缕同源清气。紫霄宫将开，圣位将定。女娲造人，巫妖血战，人族将遭大劫，三清终会分家，截教终会入劫，西方终会大兴。他知道原本的大势，却不能轻易说破天机。他只能一步步落子，一点点改,https://m.qidian.com/book/1049308447
权游：群龙之主,成王黑,其他,8.7,维斯特洛白天国王说了算，天黑之后我雷加说了算！私生子？私生子能让你全家今晚去见陌客！一人控多龙，群龙狂舞。~~冰与火之歌，血龙狂舞，龙之家族同人小说。时间从56AC起，后期剧情会接上电视剧龙之家族第一集的101AC。已完本150万字的《权游之龙裔降临》放心阅读。,https://m.qidian.com/book/1038544766
离婚后，落户西北当神农,华山弃徒.,都市,8.7,离婚那天，顾桐觉得自己三十年的人生已经烂到了底。没车没房没孩子，银行卡里躺着的那点钱，连城里的一间厕所都买不起！“大西北欢迎有识之士安家落户，待遇优厚，期待您的到来。”一条大西北落户的广告，成了他最后的救命稻草。白送的30亩良田、50亩盐碱地、一栋带院子（三亩地）的红砖房......以及一个从天而降的【神农系统】。被逼到墙角的顾桐，一头扎进了雪山下的田野里，开始种植【神油一号】油菜。春天播种，夏季,https://m.qidian.com/book/1049073086
这位少帅，不对劲！,天天不休,其他,8.7,2007年的足坛风云变幻。皇家马德里银河战舰分崩离析。巴塞罗那“梦二”灵魂放任自流。AC米兰“上帝之子”所向披靡君临王座。阿森纳再无枪王之王。红魔曼联真核蜕变收复英伦山河。铁血蓝军切尔西内部矛盾激化。利物浦迎来“圣婴”。还有...在英冠沉沦三年的利兹联重返英超！一位来自华夏的菜鸟主帅突兀地闯入了欧洲足坛顶级舞台。“我叫郑辉，争一世之辉！”索普拱门训练基地外由少帅亲自镌刻的队训在阳光下熠熠生辉。“为,https://m.qidian.com/book/1045283250
扶光,以平凡知天命,历史,8.3,“他出生那天，帝星陨落。”不应该是帝星升起嘛世道不公就打碎,https://m.qidian.com/book/1049627399
上了大学，校花是我小青梅！,一切起源于梦,其他,8.7,来阅文旗下网站阅读我的更多作品吧！,https://m.qidian.com/book/1049867940
庆余年,猫腻,历史,8.3,积善之家，必有余庆，留余庆，留余庆，忽遇恩人；幸娘亲，幸娘亲，积得阴功。劝人生，济困扶穷……而谁可知，人生于世，上承余庆，终究却是要自己做出道路抉择，正是所谓岔枝发：东风携云雨，幼藤吐新芽。急催如颦鼓，洗尽茸与华。且待朝阳至，绿遍庭中架。更盼黄叶时，采得数枚瓜。…………《庆余年》同名影视剧由张若昀、李沁、陈道明、吴刚等主演，11月26日起在腾讯视频、爱奇艺开播。,https://m.qidian.com/book/114559
将夜,猫腻,玄幻,9.0,与天斗，其乐无穷。……,https://m.qidian.com/book/2083259
斗破苍穹,天蚕土豆,玄幻,9.0,这里是属于斗气的世界，没有花俏艳丽的魔法，有的，仅仅是繁衍到巅峰的斗气！新书等级制度：斗者，斗师，大斗师，斗灵，斗王，斗皇，斗宗，斗尊，斗圣，斗帝。……斗破苍穹年番动画，每周日10:00正在腾讯视频火热播出，VIP抢先看2集；于深渊涅槃，收陨落心炎！斗破官方首套盲盒上市！更有惊喜隐藏款等你入手！,https://m.qidian.com/book/1209977
斗罗大陆,唐家三少,玄幻,9.0,本站提供斗罗大陆全本免费阅读，还有海量的段章评，和千万读者一起交流看书心得。唐家三少创作的玄幻小说《斗罗大陆》已完本，可以尽情阅读。,https://m.qidian.com/book/1115277
择天记,猫腻,玄幻,9.0,命里有时终须有，命里无时要强求。这是一个长生果的故事。,https://m.qidian.com/book/3347595
回到明朝当王爷,月关,其他,8.7,【改编动漫《回铭之烽火三月》正在热播】阴差阳错间，乌龙九世善人郑少鹏回到了大明正德年间。那是一个多姿多彩的时代，既有京师八虎的邪恶，又有江南四大才子的风流，还有大儒王阳明的心学，再加上荒诞不经的正德皇帝朱厚照。浑浑噩噩中踏进这个世界的主角，不得不为了自己的命运，周旋在这形形色色的人物之中。东厂、西厂、内厂、外廷之间的纷争；代天巡狩清除贪官的故事；剿倭寇、驱鞑靼、灭都掌蛮、大战佛郎机；开海禁、移民西,https://m.qidian.com/book/84024
全职高手,蝴蝶蓝,其他,8.7,网游荣耀中被誉为教科书级别的顶尖高手，因为种种原因遭到俱乐部的驱逐，离开职业圈的他寄身于一家网吧成了一个小小的网管，但是，拥有十年游戏经验的他，在荣耀新开的第十区重新投入了游戏，带着对往昔的回忆，和一把未完成的自制武器，开始了重返巅峰之路。===================================,https://m.qidian.com/book/1887208
盗墓笔记,南派三叔,其他,8.7,热播剧《怒海潜沙》原著小说。50年前由长沙土夫子（盗墓贼）出土的战国帛书，记载了一个奇特战国古墓的位置，50年后，其中一个土夫子的孙子在他的笔记中发现这个秘密，纠集了一批经验丰富的盗墓贼前去寻宝，谁也没有想到，这个古墓竟然有着这么多诡异的事情：七星疑棺，青眼狐尸，九头蛇柏。这神秘的墓主人到底是谁，他们到底能不能找到真正的棺椁？故事悬念重重，情节跌荡，值得一看。,https://m.qidian.com/book/68223
鬼吹灯（盗墓者的经历）,本物天下霸唱,其他,8.7,动漫《鬼吹灯之南海归墟》原著前传。,https://m.qidian.com/book/53269
鬼吹灯II,本物天下霸唱,其他,8.7,动漫《鬼吹灯之南海归墟》原著小说,https://m.qidian.com/book/123900
从前有座灵剑山,国王陛下,其他,8.7,灵剑派成立于九州历四二三三年，几千年来始终致力于为行业提供一流的修仙人才，如今位列万仙盟五大超品宗派之一，掌门风吟真人担任万仙盟七大常务长老，修为盖世。灵剑派坚持和平与发展的主题，门派核心价值理念是求真、求善、求种。为进一步扩充门派力量，补充新鲜血液，拟于近期召开升仙大会，诚邀各路精英前来。还是原来的节操还是一样的搞笑,https://m.qidian.com/book/3347574
冠军之光,林海听涛,其他,8.7,【巅峰聚焦——品牌佳作，强力推荐】他是一个门外汉——“足球不能用手，笨蛋！”他有远大理想——“我想踢足球赚钱！”他还有点搞不清楚状况——“我会打败你的，卡卡，我一定会打败你的！”一个足球菜鸟的狂言，一个山里少年的逆天之旅。“他除了跑得快还有什么？”“还有一颗想变强的心。”,https://m.qidian.com/book/3347741
大泼猴,甲鱼不是龟,玄幻,9.0,这个世界上总有那么一些人，他们英勇无畏，固执，乃至偏执，不羁，骄傲，而又狂妄。即使到了绝境，他们也绝不妥协。宁愿死，也不愿输。PS：本书改编连续剧《凌云志》已上映。,https://m.qidian.com/book/3135391
诛仙,萧鼎,玄幻,9.0,《诛仙》最新修订版实体书已经面世，感谢大家支持。这世间本是没有什么神仙的，但自太古以来，人类眼见周遭世界，诸般奇异之事……,https://m.qidian.com/book/2019
灵境行者,卖报小郎君,其他,8.7,《灵境行者》动画9月3日10点起每周四腾讯视频全网独播，欢迎大家前往观看～亘古通今，传闻世有灵境。关于灵境的说法，历朝历代的名人雅士众说纷纭，诗中记载：“自齐至唐，兹山濅荒，灵境寂寥，罕有人游。”“灵境不可状，鬼工谅难求。”,https://m.qidian.com/book/1031940621
庆余年第三季,猫腻,历史,8.3,范闲在庆国和北齐之间的权谋争斗，卷入各种政治与家族的阴谋中。利用自己的智谋和背后的神秘势力，一步步地解开自己身世之谜，并且在庆国内部的紧张局势中巧妙地应对，不断地成长，最后成为了一个各方势力都无法忽视的重要角色。在揭露了许多秘密，并通过一系列的计谋与行动，范闲最终帮助庆国平定了动荡，并且确立了自己在朝中与江湖的地位。,https://m.qidian.com/book/1039079393
庆余年第二季,猫腻,历史,8.3,天朝庆国公子范闲身为权臣之子，在政治波谲云诡的朝堂与江湖中智斗诸雄，逐渐卷入国家大事。在爱与谋略的磨砺下，范闲从一个调皮少年成长为深谋远虑的政治家。,https://m.qidian.com/book/1038949044
庆余年第一季,猫腻,历史,8.3,《庆余年》第一季讲述了聪明过人的范闲从小在山区长大，后被庆帝收为义子，进入京城。在经历了朝堂斗争和家族较量后，范闲逐渐成长，最终揭露了一个深藏的国家秘密，以及自己真正的身份。《庆余年》同名影视剧由张若昀，李沁，陈道明，吴刚等主演,https://m.qidian.com/book/1038949025
神秘复苏,佛前献花,其他,8.7,“我叫杨间，当你看到这句话的时候我已经死了......”一张诡异的羊皮卷，一只窥视黑暗的眼睛，这是一个活下来的人经历的故事。——————,https://m.qidian.com/book/1012584111
腐朽世界,滚开,玄幻,9.0,神秘，绝望，痛苦，腐朽，世界走向迷途，我却不知何去何从。来到一个正在走向末路的世界，危机四伏，渺无希望，我只能依靠身上的神秘血印，不断推演进化各类技能，尝试走出一条绝望生路。,https://m.qidian.com/book/1046465651
